﻿<parameters>
  <parameter name="IIS Web Application Name" defaultValue="SmartGo" tags="IisApp">
    <parameterEntry kind="ProviderPath" scope="IisApp" match="^D:\\Git\\Git-Hitcher\\Source\\Hitcher\\obj\\WebDeployPackage\\Package\\PackageTmp$" />
    <parameterEntry kind="ProviderPath" scope="setAcl" match="^D:\\Git\\Git-Hitcher\\Source\\Hitcher\\obj\\WebDeployPackage\\Package\\PackageTmp$" />
  </parameter>
  <parameter name="DefaultConnection-Web.config Connection String" defaultValue="Data Source=tcp:smartgoserver.database.windows.net,1433;Initial Catalog=smartgodb;User ID=smartgoDbAdmin@smartgoserver;Password=1208Skpi5">
    <parameterEntry kind="XmlFile" scope="D:\\Git\\Git-Hitcher\\Source\\Hitcher\\obj\\WebDeployPackage\\Package\\PackageTmp\\Web\.config$" match="/configuration/connectionStrings/add[@name='DefaultConnection']/@connectionString" />
  </parameter>
  <parameter name="DefaultConnection_DatabasePublish-Web.config Connection String" description="DefaultConnection Connection String used by Entity Framework Code First Model to deploy the database." defaultValue="Data Source=tcp:smartgoserver.database.windows.net,1433;Initial Catalog=smartgodb;User ID=smartgoDbAdmin@smartgoserver;Password=1208Skpi5">
    <parameterEntry kind="XmlFile" scope="D:\\Git\\Git-Hitcher\\Source\\Hitcher\\obj\\WebDeployPackage\\Package\\PackageTmp\\Web\.config$" match="/configuration/connectionStrings/add[@name='DefaultConnection_DatabasePublish']/@connectionString" />
  </parameter>
</parameters>